parent_id,comment_id,body,detoxify_score,llama_score
t3_11s1e9i,jcbpjm5,I actually figured it out. Somehow the file was 'cut' without being pasted. Just stupid doing stupid,9.289226,0.0
t3_13g8el9,jk0v4kw,Switch to Vue JS. Shit just makes more sense as a beginner.,9.098017,0.0
t3_14nu3l1,jqafds2,"do you learn how to swim by reading about it?  no, you learn how to swim by getting in the fucking water  so get in the fucking water",9.960319,0.0
t3_14y27n5,jrqw9q0,The more you f\*\*k around the more you find out.,9.97021,0.0
t3_14y27n5,jrsicso,"Ooooh the way you explained it let it click for me. It's quite literally what someone else said is that I have to ""fuck around to find out""",9.271732,0.0
t3_14y27n5,jrsn7nl,"It's called muscle memory. I'm sure you've been playing video games for years and years, possibly since you were a child. Now imagine if you learned programming as a kid instead of gaming. You'd have the opposite issue where you're fluent in programming like it's your second language but you're ass at videogames.",7.3056607,0.0
t3_14y27n5,jruk1sf,"Preach! I was very lost when I left school and didn‚Äôt want to do anything I had studied at school (philosophy, English, psychology).   Always loved computers and out of what could be described as a desperate, manic feeling of ‚Äòfuck it‚Äô I took on a degree in Games Programming.   First year? Barely scraped a pass, like quite literally I got 40% across all modules- had no experience in any programming, any of the underpinning CS but holy shit did I enjoy it so I carried on!   4 years later, I graduated top of my class! Still have a long way to go but as you said, I‚Äôm getting better all the time",9.193783,0.0
t3_14y27n5,jrwnhg2,"if you suck at maths or logic youre not meant to be a coder. im not really one myself, i have no probs with maths or logic myself, my prob is a different one   i just do bits and pieces but thats because unless i have a purpose i find it hard to progress, ive learned the basics of several languages but you get to the end of the book/course/whatever and it says ""now go make something"" im lost, sad as it may sound i just dont have the creativity for that, if i have someone to tell me what they want me to make then ill do it, coming up with something myself? thats a different story. and like many skills if you dont regularly use them theyll atrophy",8.35451,0.0
t3_15a5f0p,jtiwjix,You‚Äôre a giant piece of shit you know that right,9.886448,0.0
t3_15a5f0p,jtix68j,Then I‚Äôm a giant piece of shit then,9.710793,0.0
t3_15a5f0p,jtj09xp,"> document.getElementById  Ah, there it is. The DOM pitfall. Just don't. You'll see it's so much better when you say ""fuck my old ways, here comes the new me!"" and accept the beautiful world that React and other frameworks are trying to open up for you with open arms.  Read the docs. No seriously. Often times they're written by people who are addressing people in your specific case.",7.9419394,0.0
t3_15a5f0p,jtj1mn9,Youre not a giant piece of shit. But you should (imo) offer encouragement to OP and leave the medication conversation to health professionals.,8.943387,0.0
t3_15a5f0p,jtjfer2,"You aren‚Äôt a piece of shit dude, you just don‚Äôt have the right thoughts for most of the people you‚Äôll find on Reddit. You‚Äôve engaged in a wrongthink heresy.",9.504909,0.0
t3_15a5f0p,jtjl1yy,Oh shit dude I didn‚Äôt even see that misspelling lmao,9.294103,0.0
t3_15a5f0p,jtkct1k,"Steal shit. Straight up, stop trying to come up with things from scratch right now. Find stuff online and just steal it. Edit it, make it your own. At work I virtually always copy paste from other modules to start.   Quit beating yourself up. I can tell you‚Äôre putting a lot of pressure on yourself to make this work and I promise it‚Äôs only going to mess you up further. Try to let go, keep working at it, accept that you‚Äôre at a low level and you need help. When you have your bf help you make sure that you‚Äôre learning what he‚Äôs doing to the point where you could teach someone else.   Everyone starts at the bottom and you make it to the top when you make it there. No sweat, you‚Äôll look back on this and think damn that was tough but I have confidence now and learning new things in programming is less daunting and more easily achievable",7.932764,0.0
t3_15a5f0p,jtlyhfv,"> programming qua career can reeeeeally fuck with depression and other neuroses  Whew buddy, so true.  if I'm dealing with an issue, I literally can't relax until I figure it out, cause I won't be able to stop thinking about it. Internally, I make the problem my personal enemy that I have to beat in order to continue.  Coincidentally, I'm a massive Dark Souls fan. No overlap there! /s",9.492586,0.0
t3_16dmx8o,jzqpy7l,"I will never understand why people post shit like this‚Ä¶. Learning programming is the same as learning anything else, talk to a therapist or something dude.",8.394409,0.0
t3_16dmx8o,jzqxbue,"It's all in your head. I'm new to all of this and only in my 2nd CS course.   You're gonna fuck up coding. Everyone does. Life is full of failures miniscule and big. I'm still going through school and learning while having zero idea what I'm doing and if I'm doing it right. I understand the concepts, why stuff works the way it is. Throwing it into code? Yeah, I'm pretty sure everyone has issues with that. Even the most expert genius professionals.   I spent 2-hours on a project going crazy that I couldn't figure out the issue. I had to copy and past code from one line to two lines above.  That's why debugging exists. You're gonna fail before getting a meaningful project. You're gonna fail a lot before certain concepts make sense.   You need to talk about these fears of failure with a professional or someone close.",7.013082,0.0
t3_16dmx8o,jzs3rtc,"Are you university educated about computers? If not maybe software development shouldn't for you. Since pandemic everyone suggests ""be a programmer"" to every fucking one. I don't believe ""you can be everything if you wanna"" bullshit, you basically can't be a programmer if you don't like your eyes get hurt, you can't if you don't like spending 7 hours to solve very shitty e-puzzle, list can be long and long.  So decide is this job is really for you. Because it may not be if you are really scared of doing something. Imagine living your everyday life like that. In programming you'll learn new shit everyday. If you are really scared or trying something new, think like how you keep up with stuff.  I'm not here bully you. Being terrified of something is a really big emotion. You need to think hard about it.",8.3861475,0.0
t3_16dmx8o,jzsditi,"I know that fear. I am a beginner too. Have barely scratched the surface,  barely getting by.  But I‚Äôve compared to to playing a hard video game you can‚Äôt beat. Just knock your head against that wall of not know wtf you‚Äôre doing and try and try again. Read blogs watch tutorials, and always ALWAYS practice!  Practice is the key here. Try to solve issues yourself by dividing a problem into smaller sub-problems which you can tackle with documentation and forum posts.  If I can do it, you can too!  But maybe I‚Äôm just talking out of my butt.",7.5942965,0.0
t3_16dmx8o,jzt7fs7,"It's fear of failing you need to address. Concretely, who in your life cares the most whether you're succeeding or failing? Do you have a healthy relationship with them? Are you governed by them? Do you share everything with them? Is your relationship possibly unhealthy?   A kid (not you, just saying ""parent-child"") can lose interest with the prospect of failure, or if you're not doing it for yourself.   Personally, I gave up on music. It was never ""allowed"" to be mine, I had no privacy... I was like a trophy for my parents to gloat around with (for the dumbest shit, too). I hated it. Lol, and when I wanted to dedicate my life to it, it was suddenly ""stupid"" and ""you'll starve"" and ""why not do something real""....  Do something for YOU. That YOU want to do. What makes YOU happy. Just don't get in the way of anyone else's happiness along the way!",7.9333644,0.0
t3_13xx2q9,k0xmuy4,"Shit, Sorry I never saw this and I don't think I got the PM. I'll look though. But Yes. my offer still stands. I would love to work help with the project.",7.3258514,0.0
t3_17lneqe,k7ifu1c,"You suck at it because your head is probably one step ahead and i.e. lists/dicts are very important fundamentals. Wind up a REPL and play around until it makes sense to you. Learning programming isn't memorizing stuff, it is understanding how stuff works.",9.837185,0.0
t3_17stzw1,k8sup25,After two frustrating hours.. ‚ÄúAh shit I put an extra closing brace.‚Äù,8.80116,0.0
t3_17stzw1,k8t4a5c,Richest programmer I ever known use to copy and paste code in the 90s to fix people's websites..  do what ever it takes . Fuck what people say online. It's just for clicks.,8.646214,0.0
t3_17stzw1,k8uwhwk,"It rally is epitome of ""draw the rest of the f*cking owl"" isn't it?",9.75712,0.0
t3_18i760m,kdbd5jr,tensor and pytorch have C++ api.  im with you snake is a shit language.,9.390569,0.0
t3_18i760m,kdbpyhu,no way man go the curly brace never an indent error.  long live perl if you can read it you know the coder was shit ;),7.8801365,0.0
t3_18w0go4,kfv0twm,thats normal for java. its sucks,8.55208,0.0
t3_18w0go4,kfv4fmt,"Running faster is normal, but it sucks? ü§î",9.169404,0.0
t3_18w0go4,kfveccu,If you‚Äôre a hater then it sucks :D,9.720334,0.0
t3_18w0go4,kfzuppr,Every new person on a project is at some point a stupid coder,8.594139,0.0
t3_18x7xa8,kg47whk,Because if you fuck up with manual memory management you get some real nasty problems on your program that are very hard to find and debug,9.938296,0.0
t3_18x7xa8,kg4vy26,Is this the part where C++ blows your entire leg off that I keep reading about?,7.501573,0.0
t3_18x7xa8,kg5hqdl,"It's like people saying ReactJS is good and nice flavourful, then you get to use it in a big application and then you're banging your head to the wall trying to figure out where the fuck things are and there are so many moving aspects and you just can't know where is which",9.4048195,0.0
t3_18ztpo7,kglv5ec,durrr good job repeating what they said. JFC this guy is a fuckin clown.,9.939139,0.0
t3_18ztpo7,kgn1ubq,"If you use floats of any precision to handle money, you deserve the hell you got yourself into though. üòÅ",7.951712,0.0
t3_18zytxj,kgufz6d,You have balls. I like balls.,9.089734,0.0
t3_191hcq3,kgwi02m,"I mean, it can be easy as fuck.   Some people just make Wix sites and sell them to people who dont realize how easy it is to make a static page yourself.  Not sure if that can be called webdev tho",9.553015,0.0
t3_194s2b7,khi559s,Break enough shit that you can become confident you‚Äôll be able to fix it. Breaking things is completely unavoidable and just part of the process. If you quit before you break anything then you‚Äôre just practicing the first part of starting a project but most of the real work starts once things get complex enough to start breaking.,7.5376234,0.0
t3_194s2b7,khimyq6,"A healthy dose of not giving a fuck  After all, it is just code",9.776749,0.0
t3_195v2fc,khplsf4,the fact that i want to help   but know no shit,9.22776,0.0
t3_195v2fc,khxvz45,"Don't feel like that. Matter of fact, I and most folks in this sub don't know shit either.",8.962194,0.0
t3_197o0zc,ki1x9v3,As a Java developer  what the f\*ck  (everything in java is a class lmao),9.186589,0.0
t3_199du6y,kjspwyn,Php is the most shit language I‚Äòve ever used‚Ä¶,9.174343,0.0
t3_1ad91e4,kjzetrx,"What a shitty, low effort post lol  &#x200B;  nonetheless, go with [this](https://www.youtube.com/results?search_query=how+to+learn+to+code) or [this](https://www.youtube.com/results?search_query=how+to+learn+web+development).",8.668414,0.0
t3_1adj8pa,kk1klk3,"You're just dumb, we all are when we start learning about a brand new technical field.",9.229633,0.0
t3_1adj8pa,kk2ag1e,Whoever told you SQL is way easier is the dumb one. I've been programming for over a decade and I fucking hate SQL with a passion.,9.675141,0.0
t3_1adj8pa,kk2tjki,"Because SQL is harder. Sure the easy SQL is easy, but that shit gets insanely complex, and it‚Äôs way less intuitive than reading code imo.",7.19864,0.0
t3_1adj8pa,kk3b5zz,Cause SQL is boring as fuck,9.828816,0.0
t3_1adj8pa,kk4fh8c,You have columns with descriptive names in your database? I‚Äôm so fucking jealous. I regularly have to pull stuff from a db with 14k tables with columns with names that look like keyboard smashes. Why can we never have straightforward databases? üò≠,9.633659,0.0
t3_1ae3chs,kk7fie2,"> I read to stay away from stuff like that.  Fuck that noise. You found a problem that was able to be solved in an interesting way. That is sometimes as valuable the ""proper"" way.   If we were coworkers, I'd get pissed if you tried to solve a problem at work in that manner (assuming it was not necessary for the problem).   If we were stuck on a problem, and you were able to solve it because your brain remembered, ""hey, this is kind of similar to the time I used heuristics to prioritize guesses on the most heavily constrained cells, multithreaded it, and used bit-masking to make it operate faster"" then I'd think you hung the moon.  Sometimes rabbit holes are good to go down, you never know what you learn today could be useful tomorrow.",8.553368,0.0
t3_1ae3chs,kk8lbdr,Goddamn this is so elegant. There's definitely a long long way for me to go.,7.374257,0.0
t3_1ae3chs,kk97xw4,"Lmao y'guy do-be pissing in OPs eyes though.   A 'Good' programmer writes code, (That he understands) simply, efficiently, and expendable.  'Learn concepts like algorithms, data structures, complexity, functional programming, software architecture, test ability, etc,' need to know these variables too.  There is no 'Good' programmer, there is just man sacrificing time for problems-solved. 'Cause really, what makes a good programmer? Anybody can learn coding, just like anyone can play games, -Yes, I'm comparing coding w/ games. Fuck you- spend enough hours on it and eventually you'll get better.  So! May that be an inspiration to you. Keep coding, and coding, and coding, and you'll eventually consider yourself a 'good' programmer. Anyway, that's enough post-nut clarity for on post. See ya in the next one, XD.",8.638478,0.0
t3_1acr4tg,kodb40o,"I suggest you do leetcode with a direction in mind, like do sorting algorithms and searching algorithms backtracking recursing etc on codewars you just get random shit",8.777245,0.0
t3_1afxt9h,koei4ws,Fucking Adderall lol,9.931431,0.0
t3_1afxt9h,koenx1o,Hot damn! MY PEOPLE. Thank you!,7.0143228,0.0
t3_1afxt9h,kof57qt,Look another sub. 3 hours later. . . Ah fuck I did it again,9.879555,0.0
t3_1afxt9h,kohlk2z,"Lmao I just started hacking on shit. Find something interesting to work on, figure that shit out.",9.758295,0.0
t3_1arhddt,kqjiwdg,"I think the best is to code while you're learning so you can try things and play around.  You should never quit studying , as a dev you should be studying every fucking day",9.324374,0.0
t3_1arhddt,kqkffts,Yes. Wtf.,7.864955,0.0
t3_1arhddt,kqksiza,Sucking at something is the first step to becoming kinda good at something.,8.9516115,0.0
t3_1axby3k,krouhi5,Duck typing is retarded,7.4919395,0.0
t3_1axn358,krp4qod,"It‚Äôs easy. Your code is shit.   Well, it will be to the you from 1 year in the future. And 1 year in the future you will write more, better code.  2 years from now you will look back on the code 1 year from now you wrote and think it‚Äôs dogshit.   And so on‚Ä¶  At least if you‚Äôre doing it right.",8.019428,0.0
t3_1axby3k,krp4wn4,"> Those hierarchical designs with many layers of extend / override are so fucking terrible lol.   They are.  My first exposure to a C++ code base included gigantic classes with header files that were thousands of lines long.  Just awful.  How is such code reusable???  Interestingly, when you read Stroustrup, he emphasizes how important it is to keep most objects simple and essential, and use helper functions written for them.",7.6523895,0.0
t3_1axn358,krpd1y9,"Its the most disgusting, janky shit you'll have ever seen in a few months or a year.  All of your code will alays be unoptimized, bad or lacking in some way.   It just gets less unoptimized, bad or lacking as you learn more/people poke holes.",9.24804,0.0
t3_1axby3k,krpn588,"Shit bro idk, I'm like 15 years older than you and self-learning full-stack  web dev. You probably know more than me at this point, I've just seen that world from the outside.   I've spent the last 7-8 years doing digital marketing and website management, so I'm taking the logical step for me because I like working with websites and web apps, automation, and APIs. Find what interests you and go that route because even if you don't quite get there, you may find something just as interesting along the way.",8.460564,0.0
t3_1axn358,krq7ddx,It is. Any code you write on retrospection a year later will turn out to be garbage. As a professional I often look at my past work and ask ‚Äúwhat fucking idiot wrote this?!?‚Äù,9.898606,0.0
t3_1axn358,krqemw8,your code will always be garbage in your own eyes,8.578931,0.0
t3_1axn358,krr23vt,"Everyone's code is shit afew years from now, its the law  Your code was shit, my code was shit, his/her code was shit, their code was shit  Everyone's code is shit",9.876049,0.0
t3_1axn358,krr3ji5,"Shit is a spectrum, there's taco bell shit and a steak dinner shit. I'm aiming to be the latter",9.668915,0.0
t3_1axn358,krw2smd,"If you don't know your code isn't shit, then you don't know your code well enough.  How would you know that someone who thinks it is shit is correct?  Learn to use a debugger, as that will force you to learn your code until it's above any challenge by anyone.",8.295706,0.0
t3_1ayc7sy,krwrrs0,"holy shit now i get it  HOLY SHIT, every second i understand more  It feels so good to understand these things",9.686237,0.0
t3_1b0qmsh,ksbgymv,">HTML is a dying language  What an incredibly, amazingly stupid statement.",9.138857,0.0
t3_1b0qmsh,ksclyqr,I'm glad somebody else knows how weird .pdfs actually are lol been editing them from Java recently. Kind of a pain in the ass.,8.973486,0.0
t3_1b4mdbr,kt0wxpn,"I went from Java to C++ in 2 weeks when I started no problem. It's literally the same fucking shit but with headers. As for RAII, it's hardly rocket science. People make it seem that way by calling C++ hard. It's all learned helplessness",8.251371,0.0
t3_1b4mdbr,kt10cck,"I'm not flexing, you're just dumb as a brick lmao. Any idiot will think someone who can tie their shoes is a genius I suppose",9.509975,0.0
t3_1b864zu,ktrb9gr,"Stick with it.   In the future‚Ä¶ When other people tell you that you‚Äôre doing great, you‚Äôll still feel like an idiot.",8.999747,0.0
t3_1bfk34d,kv3z9g8,"no? any cheap laptop you buy that has the combined cost of a lil usb hub, monitor, mouse, and keyboard is gonna be shit",8.747127,0.0
t3_1bihr3d,kvkhwen,First time I see spam like this in Reddit. This shit is really starting to become instagram,9.03224,0.0
t3_1blmwwz,kw66la1,"Learn something besides web development.   Games, desktop apps, smartphone apps, embedded, whatever, just see a side of programming that isn't the web.  Too many beginners are getting into the web stuff, not only does this make that area oversaturated, it's also fucking boring.",8.320204,0.0
t3_1blhh8q,kw70vzu,Either that or both were pompous assholes lol,9.012032,0.0
t3_1blhh8q,kw8tcuu,"Wait till you start using multiple languages. You'll just start slipping between them all the time...  int some\_function()  ohhh shit, I'm in Python...  oh shit, there's no block scope...",8.954546,0.0
t3_1blhh8q,kw9yan9,"Yeah but you knew someone had to try to be the MOST uber nerd. It's not a competition, people. Just enjoy your own nerdiness.",7.3184295,0.0
t3_1blmwwz,kwaetn9,"A guru programmer: ‚Äúoh shit, I wrote this garbage!‚Äù",9.66844,0.0
t3_1blmwwz,kwalsz0,Regexs are the devil!,8.430792,0.0
t3_1bq61nq,kx0wgde,I made a bullshit generator for populating my db while learning python. I just used a huge list of insults and rng.,9.168489,0.0
t3_1brg37i,kx9mbbj,"Holy crap that actually makes sense.   So final means I want x to never change but I have no idea what it is yet, but if I already know what it is immediately then const? Wow! Thank you so much, I WAS overthinking it before! Thank you.",7.465834,0.0
t3_1bttys4,kxobxfa,Your teacher is shit. Programming is one of the easiest types of engineering you can get into.,9.049052,0.0
t3_1c4sz5s,kzqrzul,"I never ever ever read the docs. Fuck that. Like AWS every page has 1000 pages and none actually have what I need. Like wtf  So yeah, Google <word> + code example, click around, grab a bunch and take some middlegrouns of it, and make it work.   Fuck documentation in generalüòÇ so damn too deep e defintion of TLDR",9.917616,0.0
t3_1cb1zql,l0w28b8,Stupid question: how could there not be an entry point?,8.749697,0.0
t3_1cbjf9t,l0zkmb3,Learn C for shits and giggles,9.15476,0.0
t3_1cb1zql,l11qhvz,"The classic ""what complete dumbass wrote this garbage? Oh...""",9.3169365,0.0
t3_1ccr95z,l18x36h,"python homie.  to this day I'm surprised at all the shit python can do as someone who just codes to code.   python is widely used and simple to learn, which means when you get good enough to understand importing shit, a fucking plethora of pythons solving capabilities explode on an accessibility standpoint.  it doesnt matter if you're there yet because python makes the simple shit simple too.",9.022209,0.0
t3_1cdjlyv,l1cfbj0,I'm two years into my coding program and I still have no idea what the fuck is going on,9.646157,0.0
t3_1cdjlyv,l1cndmv,Real. I‚Äôve been working two years now and I still have times where I‚Äôm just sitting there like ‚ÄúWhat‚Ä¶ what the fuck is even that.‚Äù,9.387952,0.0
t3_1cdjlyv,l1cov80,"Oh yeah. Gotta remember, the person who wrote the code yesterday was an idiot, even if that person was you xD.",8.560351,0.0
t3_1cdjlyv,l1cqt76,I'm doing game dev programming so who the fuck knows what I'll be walking into after schools done.,9.624272,0.0
t3_1cdjlyv,l1d5yy7,"I'm 55 and I only know I'm absolutely not going to post some ""I'm 55, am I too old to learn coding?"" bullshit.",9.38054,0.0
t3_1cdjlyv,l1ds3pj,My favorite is googling something I know I know and I sit there like am I really this fucking stupid?  The answer is yes I am,9.69332,0.0
t3_1ce7grm,l1h9ab6,"Stop using vscode omg, this is always the fucking case... whenever one of my friends starts learning they always download this overhyped piece of shit software and fuck up in the beginning where they just cant compile anything. Delete this crap pleeease!  You want things out of the box? Thats called an IDE, and there are plenty of free ones. Visual Studio 2022 (NOT CODE), Rider and Clion (if you have school email its free), codeblocks and other stuff also exist.   I am seriously not getting why people try to use vscode so much apart from that its modern farting shiny with shits and giggles extensions, oh well thats starting to become a really long rant, I'll stop there.",9.574728,0.0
t3_1ceull9,l1nqi1j,Hahahaha!!!! You really or truly believe that  mobile phones and mobile apps or applications will last lifetimes or longer or will be around in the future are fools!!!! YES!!!! I said it!!! ü§°,8.928327,0.0
t3_1cmc2h8,l2zv7wa,"figure out what you want to go into(gaming, webdev, database application) different fields use different  languages do research in that/those language/s do research on a framework you want to use then start coding in that framework build projects example If you want to develop a site, then go on  sites, like the look of the task bar or a search function, google how to implement it. O, u need a database for that search function. Find out how to set up a crud(create read update and deatroy) function  to build your database . Learn about dd(dump and die) so u can learn how to debug your code and find out where u fucked up( with me its always typos like a , or : in the wrong place but i have fat fingers )   I also recently started my coding journey amd knowing where u want to go and what u want to do makes a big difference.  Use sololearn Freecodecamp W3schools Udemy also has some free courses u can watch  Dnt be afraid to build something u will fuck it up ALOT and break everything but you will get there eventualy",7.862752,0.0
t3_1cmc2h8,l307a0c,think of a problem or google a problem. then solve it. that's fucking it. that's the only fucking thing.,9.945738,0.0
t3_1cmc2h8,l31r4kw,">Step 1: *Read: ""Make It Stick: The Science of Successful Learening""*  I am sorry but that gave me a chuckle. I guess it didn't stick!  I am not trying to be a dick but it is just kind of funny.",8.059941,0.0
t3_1cmc2h8,l344vj1,Holy shit! Thanks to everyone for the replies!  Y'all are very helpful :),9.581533,0.0
t3_1cnn8re,l38r1oj,"Dude, same. Don't have diagnosed ADHD but my anxiety / personality disorder is no fucking joke, my attention span is fucked, i can't always meet deadlines, i end up turning my coding assignments in a semi-decent way but i'm a mess in every other class, i'm failing calculus and differential equations and yeah i feel everyone is ahead of me , not to mention i'm waaaaaay older than everyone else in my classes. But i'm not quitting because despite everything, i know this is progress.",9.489395,0.0
t3_1co3hev,l3bhdgt,You can pass a char\* pointer to fgets.,8.092719,0.0
t3_1cpddtf,l3oe8w4,Good talk.  Let's do it again when your ears dry out.  I still remember how clean everything was before that bastard invented dirt.,9.126592,0.0
t3_1cuec1o,l4ietzy,"If you don't even know the basics of JavaScript, you're kinda fucked here. Do you at _least_ know another language like Python or PHP? If not... I'd doubt this is doable.",9.353126,0.0
t3_1cugmhu,l4lidtx,Oh my god I would slap the shit out of someone for writing that nonsense,9.913917,0.0
t3_1cwc8h9,l4wusgt,"Dude, what the fuck are you talking about? Because I'm not talking about C# at all, you use C# and C++ for different things. And what problem did C create??? I know vectors are easier to understand than malloc'd arrays, that's not the point at all",9.887476,0.0
t3_1cwc8h9,l4wyoa5,C#: ‚Äúye if u want a breeze‚Äù C++: ‚Äúoh you are daunting huh? May cry over sleepless nights‚Äù C: ‚Äú damn you are baaaaad‚Äù,9.461346,0.0
t3_1cx7s48,l529b7t,"Imagine being a kid with Legos and told you cannot play first right out of the box, that you must first watch videos on how to play with Legos.   That's the vast majority of new programmers.  Just play with the damn Legos!  Fail to build shit, build shit that falls over, who cares about the quality of your build, just build build build like a kid with Legos.",9.099422,0.0
t3_1cx7s48,l533wpi,"The whole point of tutorials is to get the fundamentals knocked out. Then you go build stuff, the things you learn building stuff is light years ahead what any tutorial will teach you.   Even printing ‚Äúhello world‚Äù is better than nothing.  Get your hands dirty",7.1599984,0.0
t3_1cxse9h,l54pvvj,"Build shit, learn 1 or 2 new things every project, break stuff and fail, repeat.",9.667181,0.0
t3_1cxse9h,l5676c7,"You know the bullshit that comes with it. like javascript in general, complete bullshit.",9.755226,0.0
t3_1cx7s48,l59fvdq,Ok - don‚Äôt watch YouTube. Read a book or for christ sakes read some fucking documentation.,9.898879,0.0
t3_1cytrnd,l5frtdd,"Thats how I started, kicked my ass though üòÇ",9.7866,0.0
t3_1d1h4pr,l5u3t2c,It sucks ass.,9.926138,0.0
t3_1d2q0c9,l626ee1,"The real question is... if you were trying to fix a bug, why *wouldn't* you be debugging use a debugger? Shit sounds miserable, honestly",9.453995,0.0
t3_1d3adup,l65z6jg,"you're not going to learn anything with that attitude. everyone starts off ""stupid"". that's why you learn",8.935212,0.0
t3_1d5n4hp,l6mitit,We can't do shit without seeing the entire code. What's the error message? Have you tried debugging with AI?,8.300402,0.0
t3_1d6qy54,l6xv9b5,"Low level shit isn't commonly used unless you're a low level dev (you're writing compilers, interpreters, or C libraries) or doing a leetcode exam",8.3132925,0.0
t3_1dcli6d,l7zdofn,And this is after 20 years of busting ass to make it as user friendly as possible...,9.506848,0.0
t3_1dcli6d,l80lxil,"I fucking hate everything that has to be done with a GUI, like why do I have to touch a million buttons instead of just coding the config, I hate cloud infrastructure so much!",9.863032,0.0
t3_1dcli6d,l813dx4,Yes fuck that,9.835997,0.0
t3_1dev0e3,l8eswp0,I think Brainfuck is more intuitive.,9.040998,0.0
t3_1dla5t4,l9qprrm,"Not portable enough. Also, it sucks.",9.337256,0.0
t3_1dla5t4,l9rp6lu,C# sucks,9.905344,0.0
t3_1dnwjpm,la62h9k,"You know. I also do this convenient thing you mention. But today I decided, ‚Äúfuck it, I shall be the bad guy‚Äù",9.667804,0.0
t3_1dr3pql,laslrq9,You‚Äôre not an idiot. You‚Äôre just new!¬†  Everyone has to start somewhere. Keep going! You‚Äôve got this!,9.337132,0.0
t3_1dr3pql,lat5gyp,"The feeling that you are an idiot will always be with you.  At the very beginning it will come to you several times a day, and after ten years it will come to you several times a month.",9.127869,0.0
t3_1dr3pql,laugxp0,Bro that's normal. You gotta suck at something first before being good at it. You're still a baby learning to roll over and you're getting mad you can't ride a bike yet.,9.433817,0.0
t3_1dr3pql,lauoq86,Wait until you have 10 years of experience programming and you still feel like the biggest idiot alive. That‚Äôs the stuff,9.394826,0.0
t3_1dr3pql,lauxbym,"To me it is just ups and downs,you get to one topic and master it then move to next topic and so on and so on.The more you progress....stupider you feel;)",8.523368,0.0
t3_1dr3pql,lav8rs9,you will feel even worse idiot when you start searching for a job,9.511029,0.0
t3_1dr3pql,laxhadl,"Dude. 2 years into programming (already takiing college courses) I ‚Äúdiscovered‚Äù you could use Functions in Java‚Ä¶ TWO FUCKING YEARS IN. You will be fine dude. Dont give up, no matter how ‚Äúgood‚Äù you are, you will always learn new things.",7.460355,0.0
t3_1dr3pql,laxr3dn,While u feel u are idiot it means u improve skills. When you'll think u know all that means u r idiot,9.731298,0.0
t3_1dr3pql,laymyo1,"And every time you run into a new issue you feel like an idiot until you solve it, then you get the rush of discovery",8.61785,0.0
t3_1dr3pql,lb3ow1s,It‚Äôs experience. Welcome to the wonderful world of programming! You learn something new everyday and you‚Äôre not the only idiot :),8.160265,0.0
t3_1dzv6ta,lckmwdx,"Damn. So, I can‚Äôt?",7.651839,0.0
t3_1e2dsnw,ld22g9d,"No shit, Chromium? Didn't know they use it lol. Ya someone else mentioned it has better errors. Thank you!",7.522751,0.0
t3_1e2dsnw,ld527yj,That's freaking awesome!,7.906737,0.0
t3_1eb8856,ler80lm,You probably want to fuck around with current technologies.  Obviously write your own projects but integrate technology.  I wrote a command line card game and now I'm trying to share it via website.  It's actually a pain in the ass if you have no experience or mentorship showing you how.,9.916308,0.0
t3_1eihqz2,lg6u8nl,Damn thnks,9.680269,0.0
t3_1embpw7,lh2y7zb,You have to know them like the back of your hand. Basic shit.,9.308399,0.0
t3_1eo41t5,lhcaezy,You could make a lot of shit with just front end.   Backend is great for working with a lot of data or when you need to keep things secure.  Honestly just google the odin project and join their discord as you work through the course.,8.024112,0.0
t3_1esaua4,li6wdf8,But Is that weird ass 10 digit number somewhat connected to the original answer?  If yes then how ??,7.5271406,0.0
t3_1etn8rw,lii5sbs,Then you advance to a different kind of struggle and then you die,8.44013,0.0
t3_1eyopo8,ljiv8dn,fgets,7.1019516,0.0
t3_1f104be,ljw8gpc,God that‚Äôs such a stupid arbitrary distinction some teachers place and I have no idea why.,7.474077,0.0
t3_1f7dia0,ll78sno,"That is my question exactly, What is the official way?! These types of questions are exactly why I left this sub, fucking stupid.",9.955351,0.0
t3_1f7dia0,ll7p2hq,"Damn, a month old account that left the sub but somehow still here? That's crazy...",7.3210073,0.0
t3_1f7dia0,ll8fmj4,Been doing it for 12 years. I mostly just feel like a piece of shit and I cannot switch companies because nobody would hire me. So unless you plan to try and pursue a career you shouldn't worry about it at all.,7.0722446,0.0
t3_1f7dia0,ll99ln3,"I just say to myself, shit get done now time to get some beer.",9.473254,0.0
t3_1f7dia0,llbutv2,I‚Äôm just happy I didn‚Äôt wasted time doing some useless bullshit and went straight to the point of learning,9.178689,0.0
t3_1f93kmf,lljfo7u,Keep banging your head on the keyboard. You‚Äôll get there soon enough,8.525517,0.0
t3_1fkpx71,lnz6k2d,Loops are real to me dammit!,8.790573,0.0
t3_1fkpx71,lnz7cyx,Just think of it like a series of function that you chain together (ass to mouth) where each function is isolated from everything.,7.1799603,0.0
t3_1fm592u,lo8f9yd,"Shit... That's how black holes and singularities form man. You leave a scanner open, next thing you know all sorts of junk is being scanned in. Oh sure it starts off as a Novelty like Mary Poppins bag, but once a bus gets sucked into it, it gets dark quickly.",9.17436,0.0
t3_1frbvqz,lpe42ov,"Are you fucking kidding me? What??!! So, people are just forced to always put () to group them if they want it to reliably work with all C compilers? Insanity.",9.97312,0.0
t3_1fsps5s,lpn4sq8,You believe this crap? Anyone who comes here is making an effort to learn.,8.756125,0.0
t3_1g1wwb1,lrjt2ia,Build stuff. Build stuff badly. Realise you've built it badly and refactor or build it again. It's the fucking it up and fixing your mistakes where you learn the most. Build more stuff.,9.4548855,0.0
t3_1g1wwb1,lrr8ef9,Good to know...but I'm scared of fucking u6,9.9079895,0.0
t3_1g1wwb1,lrr8rf9,"Commit often, and if you fuck up, just revert your commit.",9.955511,0.0
t3_1g6odjh,lsk9m64,C is kicking yo ass aint it lmaooooo,9.960524,0.0
t3_1g8tnrl,lt0zgqw,"Vscode isn't considered bad, but opinions are like assholes, everyone has one",7.8105664,0.0
t3_1g9vqul,lt96tm6,Lol no idea. Probably shit post.,9.382604,0.0
t3_1gc3y0l,ltsj2tz,The harder was to find the fucking adressses. Now it working thanks :D,9.923866,0.0
